transaction_id,date,customer_name,transaction_amount,currency,category,geographic_region,tax_percentage,is_fraudulent
TXN-00000,2023-01-14,Customer_15,925.64,USD,Utilities,South,5.0,True
TXN-00001,2023-12-29,Customer_12,667.95,USD,Utilities,Central,5.0,True
TXN-00002,2023-12-31,Customer_15,975.26,USD,Food,North,15.0,True
TXN-00003,2023-07-24,Customer_47,2415.86,USD,Food,East,10.0,True
TXN-00004,2023-11-03,Customer_15,4879.36,USD,Health,Central,10.0,True
TXN-00005,2023-06-07,Customer_23,954.56,USD,Food,Central,10.0,True
TXN-00006,2023-08-14,Customer_38,3404.77,USD,Utilities,South,15.0,False
TXN-00007,2023-11-07,Customer_15,4256.73,USD,Travel,South,15.0,True
TXN-00008,2023-12-04,Customer_8,1718.6,USD,Travel,South,15.0,False
TXN-00009,2023-07-23,Customer_7,108.11,USD,Health,Central,10.0,True
TXN-00010,2023-06-13,Customer_39,3565.54,USD,Utilities,North,5.0,True
TXN-00011,2023-04-01,Customer_41,4068.69,USD,Health,North,10.0,False
TXN-00012,2023-08-21,Customer_28,1625.38,USD,Food,North,10.0,True
TXN-00013,2023-08-05,Customer_2,2914.83,USD,Travel,South,10.0,False
TXN-00014,2023-10-16,Customer_37,2658.03,USD,Utilities,South,15.0,True
TXN-00015,2023-09-20,Customer_5,395.4,USD,Retail,Central,15.0,True
TXN-00016,2023-10-19,Customer_14,3566.52,USD,Health,South,10.0,True
TXN-00017,2023-01-13,Customer_12,3627.09,USD,Health,East,5.0,False
TXN-00018,2023-11-08,Customer_49,4826.68,USD,Retail,South,10.0,True
TXN-00019,2023-09-27,Customer_10,1662.56,USD,Food,North,15.0,False
TXN-00020,2023-04-01,Customer_16,3989.08,USD,Food,North,15.0,True
TXN-00021,2023-10-13,Customer_16,2945.62,USD,Food,Central,10.0,False
TXN-00022,2023-07-01,Customer_6,1291.22,USD,Health,East,15.0,False
TXN-00023,2023-02-06,Customer_6,221.5,USD,Retail,South,5.0,True
TXN-00024,2023-05-19,Customer_4,4435.39,USD,Retail,North,5.0,True
TXN-00025,2023-10-05,Customer_26,2301.43,USD,Retail,South,15.0,True
TXN-00026,2023-06-19,Customer_50,3484.13,USD,Travel,South,15.0,True
TXN-00027,2023-09-14,Customer_32,1813.43,USD,Food,North,5.0,True
TXN-00028,2023-11-26,Customer_23,3628.75,USD,Health,Central,15.0,False
TXN-00029,2023-03-15,Customer_50,187.4,USD,Food,East,15.0,True
TXN-00030,2023-03-01,Customer_25,3030.95,USD,Food,East,5.0,False
TXN-00031,2023-08-02,Customer_33,3346.4,USD,Utilities,East,15.0,False
TXN-00032,2023-03-17,Customer_7,336.63,USD,Health,East,5.0,True
TXN-00033,2023-09-15,Customer_46,4181.1,USD,Food,East,15.0,False
TXN-00034,2023-11-07,Customer_49,3322.24,USD,Food,North,15.0,False
TXN-00035,2023-01-18,Customer_28,4785.59,USD,Health,North,10.0,True
TXN-00036,2023-12-04,Customer_30,407.24,USD,Health,West,15.0,False
TXN-00037,2023-09-16,Customer_29,2644.7,USD,Food,South,10.0,True
TXN-00038,2023-05-13,Customer_37,1515.05,USD,Travel,West,10.0,True
TXN-00039,2023-11-04,Customer_4,4270.99,USD,Utilities,North,15.0,False
TXN-00040,2023-02-18,Customer_45,2689.27,USD,Health,West,10.0,True
TXN-00041,2023-11-01,Customer_40,1816.53,USD,Utilities,North,15.0,False
TXN-00042,2023-03-27,Customer_1,4717.38,USD,Utilities,South,10.0,True
TXN-00043,2023-09-23,Customer_48,1225.61,USD,Travel,West,10.0,False
TXN-00044,2023-12-19,Customer_18,281.31,USD,Retail,Central,5.0,False
TXN-00045,2023-08-23,Customer_23,2940.46,USD,Travel,West,5.0,False
TXN-00046,2023-08-15,Customer_43,4067.76,USD,Retail,North,10.0,False
TXN-00047,2023-04-12,Customer_8,958.8,USD,Retail,East,15.0,False
TXN-00048,2023-03-23,Customer_17,3036.14,USD,Health,South,5.0,False
TXN-00049,2023-11-24,Customer_44,3449.84,USD,Health,East,10.0,True
TXN-00050,2023-04-06,Customer_34,2421.64,USD,Retail,North,10.0,True
TXN-00051,2023-10-29,Customer_44,3995.52,USD,Food,Central,5.0,False
TXN-00052,2023-11-24,Customer_36,1199.88,USD,Health,East,5.0,False
TXN-00053,2023-06-17,Customer_10,2813.41,USD,Health,East,5.0,False
TXN-00054,2023-07-23,Customer_18,1484.15,USD,Travel,South,15.0,True
TXN-00055,2023-05-22,Customer_49,930.93,USD,Utilities,West,5.0,True
TXN-00056,2023-03-30,Customer_43,426.21,USD,Travel,North,15.0,True
TXN-00057,2023-12-04,Customer_27,624.05,USD,Retail,Central,5.0,False
TXN-00058,2023-01-23,Customer_25,3113.48,USD,Retail,South,15.0,True
TXN-00059,2023-04-11,Customer_32,4143.73,USD,Utilities,East,10.0,False
TXN-00060,2023-07-01,Customer_15,766.04,USD,Travel,East,5.0,True
TXN-00061,2023-04-26,Customer_24,2989.72,USD,Utilities,West,15.0,True
TXN-00062,2023-07-25,Customer_16,4466.47,USD,Health,Central,5.0,True
TXN-00063,2023-08-08,Customer_16,17.31,USD,Utilities,Central,10.0,False
TXN-00064,2023-06-18,Customer_14,588.4,USD,Health,North,10.0,True
TXN-00065,2023-03-13,Customer_43,4728.63,USD,Health,East,15.0,False
TXN-00066,2023-12-05,Customer_10,3758.14,USD,Food,North,15.0,False
TXN-00067,2023-11-27,Customer_40,53.35,USD,Retail,East,5.0,True
TXN-00068,2023-05-28,Customer_21,4992.38,USD,Travel,West,5.0,True
TXN-00069,2023-03-24,Customer_21,3411.48,USD,Retail,North,10.0,True
TXN-00070,2023-12-29,Customer_7,2237.59,USD,Retail,West,15.0,True
TXN-00071,2023-11-02,Customer_19,2950.54,USD,Retail,North,5.0,True
TXN-00072,2023-06-07,Customer_45,3368.09,USD,Health,East,10.0,True
TXN-00073,2023-01-12,Customer_4,2107.77,USD,Retail,East,10.0,True
TXN-00074,2023-07-27,Customer_13,2935.39,USD,Utilities,Central,15.0,False
TXN-00075,2023-01-07,Customer_17,4282.13,USD,Utilities,East,15.0,True
TXN-00076,2023-04-19,Customer_36,777.26,USD,Health,South,10.0,False
TXN-00077,2023-02-15,Customer_43,1924.66,USD,Health,West,5.0,True
TXN-00078,2023-02-08,Customer_2,4111.95,USD,Food,North,10.0,False
TXN-00079,2023-03-04,Customer_21,3004.38,USD,Health,Central,15.0,True
TXN-00080,2023-03-07,Customer_1,3344.36,USD,Food,Central,5.0,True
TXN-00081,2023-03-15,Customer_48,4875.45,USD,Retail,South,5.0,False
TXN-00082,2023-07-05,Customer_12,3838.01,USD,Utilities,South,5.0,False
TXN-00083,2023-01-16,Customer_38,1672.27,USD,Health,East,10.0,False
TXN-00084,2023-06-15,Customer_17,45.29,USD,Retail,North,15.0,True
TXN-00085,2023-08-01,Customer_26,3516.39,USD,Food,West,5.0,True
TXN-00086,2023-07-14,Customer_7,2808.03,USD,Travel,South,10.0,True
TXN-00087,2023-02-03,Customer_24,3349.95,USD,Utilities,North,15.0,False
TXN-00088,2023-02-25,Customer_30,4858.94,USD,Food,East,5.0,False
TXN-00089,2023-09-04,Customer_33,596.4,USD,Food,Central,15.0,True
TXN-00090,2023-10-31,Customer_45,2808.82,USD,Utilities,Central,10.0,False
TXN-00091,2023-08-19,Customer_32,3631.54,USD,Food,Central,5.0,False
TXN-00092,2023-09-22,Customer_2,3027.3,USD,Health,North,15.0,True
TXN-00093,2023-03-10,Customer_46,479.51,USD,Utilities,West,5.0,True
TXN-00094,2023-10-10,Customer_7,2945.75,USD,Travel,East,10.0,True
TXN-00095,2023-05-06,Customer_26,4017.23,USD,Utilities,West,15.0,True
TXN-00096,2023-07-24,Customer_48,4840.78,USD,Travel,Central,10.0,False
TXN-00097,2023-02-04,Customer_19,4307.69,USD,Utilities,North,15.0,True
TXN-00098,2023-05-07,Customer_30,1343.0,USD,Health,East,15.0,True
TXN-00099,2023-03-14,Customer_4,1840.8,USD,Travel,West,10.0,True
